{
  "live:douyin_wsyzxz6688": {
    "ts": 1783619733.1660535
  },
  "post:MS4wLjABAAAAaBxG5OhPShhY5L6dwkQqHjwJg6Tx70esLegv5Hc_ib6ZMfAJNAAWzLuHgnDZ5EsE:7659466394198609830": {
    "ts": 1783624659.1273263
  },
  "post:MS4wLjABAAAA8VDhOD_J1ZJ5Tiw7iWSP8DyR_fsqD2mZHAxLKRnpLhAtp71KJf-X4DLOSMimT3n_:7659605960603761792": {
    "ts": 1783626104.30248
  },
  "post:MS4wLjABAAAAPBP113is5zbadFY77J3HQRZ72SDrhQZC3m6qQcOY5f0sI4M0suqH5QrUQKM3_iWi:7658638889217224691": {
    "ts": 1783626168.8966513
  }
}