{
  "live:douyin_wsyzxz6688": {
    "ts": 1783619733.1660535
  },
  "post:MS4wLjABAAAAaBxG5OhPShhY5L6dwkQqHjwJg6Tx70esLegv5Hc_ib6ZMfAJNAAWzLuHgnDZ5EsE:7659466394198609830": {
    "ts": 1783624659.1273263
  },
  "post:MS4wLjABAAAAXrcPvX8QchAY5irWMAxU379DgfCBEOoztZoCcOUqi8I:7660491790876851825": {
    "ts": 1783631785.922136
  },
  "post:MS4wLjABAAAA8VDhOD_J1ZJ5Tiw7iWSP8DyR_fsqD2mZHAxLKRnpLhAtp71KJf-X4DLOSMimT3n_:7659605960603761792": {
    "ts": 1783626104.30248
  },
  "post:MS4wLjABAAAAbhVFeKXUZKEuMdK1agllHXZQVhdOkHsnXY_QTfKFmVQ:7659255579152725994": {
    "ts": 1783657941.5023193
  },
  "post:MS4wLjABAAAAyCaNA3LEhCAViVcLn86e6YwyW8-GkDAWMPj_3n_pz00:7659987980702027054": {
    "ts": 1783631232.0430272
  },
  "post:MS4wLjABAAAAPBP113is5zbadFY77J3HQRZ72SDrhQZC3m6qQcOY5f0sI4M0suqH5QrUQKM3_iWi:7658638889217224691": {
    "ts": 1783626168.8966513
  },
  "post:MS4wLjABAAAAz00i43aUgcvmD5vyZB2eMs6feBhlePqIoRapBCaAPjLwmBanhIAen9faTAkq3PHZ:7654788104709386739": {
    "ts": 1783626685.9050806
  },
  "post:MS4wLjABAAAA3khMMxu6pl1ywocHJ2IXZuRfwrLKFaTEjX1hFKNuiLfEG5jgBh-_zbpo9q3HGMcp:7602651914580783798": {
    "ts": 1783665445.511497
  },
  "post:MS4wLjABAAAAUXBNFnWLvl9T8ylgAbD1auR_o5FL3dF7ic0KMYN9_88:7660803649483846254": {
    "ts": 1783670014.2409472
  },
  "live:bilibili_22230707": {
    "ts": 1783690522.2912815
  },
  "live:douyin_dy571881": {
    "ts": 1783690522.2925153
  }
}