{
  "live:douyin_wsyzxz6688": {
    "ts": 1783619733.1660535
  },
  "post:MS4wLjABAAAAaBxG5OhPShhY5L6dwkQqHjwJg6Tx70esLegv5Hc_ib6ZMfAJNAAWzLuHgnDZ5EsE:7659466394198609830": {
    "ts": 1783624659.1273263
  }
}